<?xml version="1.0" encoding="UTF-8" ?>

<!--
    Copyright (c) 2001-2007, Jean Tessier
    All rights reserved.
    
    Redistribution and use in source and binary forms, with or without
    modification, are permitted provided that the following conditions
    are met:
    
        * Redistributions of source code must retain the above copyright
          notice, this list of conditions and the following disclaimer.
    
        * Redistributions in binary form must reproduce the above copyright
          notice, this list of conditions and the following disclaimer in the
          documentation and/or other materials provided with the distribution.
    
        * Neither the name of Jean Tessier nor the names of his contributors
          may be used to endorse or promote products derived from this software
          without specific prior written permission.
    
    THIS SOFTWARE IS PROVIDED BY THE COPYRIGHT HOLDERS AND CONTRIBUTORS
    "AS IS" AND ANY EXPRESS OR IMPLIED WARRANTIES, INCLUDING, BUT NOT
    LIMITED TO, THE IMPLIED WARRANTIES OF MERCHANTABILITY AND FITNESS FOR
    A PARTICULAR PURPOSE ARE DISCLAIMED.  IN NO EVENT SHALL THE REGENTS OR
    CONTRIBUTORS BE LIABLE FOR ANY DIRECT, INDIRECT, INCIDENTAL, SPECIAL,
    EXEMPLARY, OR CONSEQUENTIAL DAMAGES (INCLUDING, BUT NOT LIMITED TO,
    PROCUREMENT OF SUBSTITUTE GOODS OR SERVICES; LOSS OF USE, DATA, OR
    PROFITS; OR BUSINESS INTERRUPTION) HOWEVER CAUSED AND ON ANY THEORY OF
    LIABILITY, WHETHER IN CONTRACT, STRICT LIABILITY, OR TORT (INCLUDING
    NEGLIGENCE OR OTHERWISE) ARISING IN ANY WAY OUT OF THE USE OF THIS
    SOFTWARE, EVEN IF ADVISED OF THE POSSIBILITY OF SUCH DAMAGE.
-->

<!DOCTYPE metrics-configuration SYSTEM "http://depfind.sourceforge.net/dtd/metrics-configuration.dtd">

<!--
        <measurement visible="no">
            <short-name></short-name>
            <long-name></long-name>
            <class>com.jeantessier.metrics.</class>
            <init>
            </init>
            <lower-threshold></lower-threshold>
            <upper-threshold></upper-threshold>
        </measurement>
-->

<metrics-configuration>
    <project-measurements>
        <measurement>
            <short-name>I</short-name>
            <long-name>Instability</long-name>
            <class>com.jeantessier.metrics.StatisticalMeasurement</class>
            <init>
                I
            </init>
        </measurement>
        <measurement>
            <short-name>A</short-name>
            <long-name>Abstractness</long-name>
            <class>com.jeantessier.metrics.StatisticalMeasurement</class>
            <init>
                A
            </init>
        </measurement>
        <measurement>
            <short-name>D'</short-name>
            <long-name>Normalized Distance</long-name>
            <class>com.jeantessier.metrics.StatisticalMeasurement</class>
            <init>
                D'
            </init>
        </measurement>
    </project-measurements>
    <group-measurements>
        <measurement visible="no">
            <short-name>C</short-name>
            <long-name>Classes</long-name>
            <class>com.jeantessier.metrics.NbSubMetricsMeasurement</class>
        </measurement>
        <measurement visible="no">
            <short-name>AC</short-name>
            <long-name>Abstract Classes</long-name>
            <class>com.jeantessier.metrics.CounterMeasurement</class>
        </measurement>
        <measurement>
            <short-name>Ca</short-name>
            <long-name>Afferent Coupling</long-name>
            <class>com.jeantessier.metrics.SubMetricsAccumulatorMeasurement</class>
            <init>
                CaComp
                IEP
                IEPM /^(.*)\.[^\.]*\(.*\)$/
                IEPM /^(.*)\.[\^.]*$/
            </init>
        </measurement>
        <measurement>
            <short-name>Ce</short-name>
            <long-name>Efferent Coupling</long-name>
            <class>com.jeantessier.metrics.SubMetricsAccumulatorMeasurement</class>
            <init>
                CeComp
                OEP
            </init>
        </measurement>
        <measurement visible="no">
            <short-name>CaCe</short-name>
            <long-name>Coupling</long-name>
            <class>com.jeantessier.metrics.SumMeasurement</class>
            <init>
                Ca
                Ce
            </init>
        </measurement>
        <measurement>
            <short-name>I</short-name>
            <long-name>Instability</long-name>
            <class>com.jeantessier.metrics.RatioMeasurement</class>
            <init>
                Ce
                CaCe
            </init>
        </measurement>
        <measurement>
            <short-name>Nc</short-name>
            <long-name>Number of Classes</long-name>
            <class>com.jeantessier.metrics.SumMeasurement</class>
            <init>
                C
            </init>
        </measurement>
        <measurement>
            <short-name>Na</short-name>
            <long-name>Number of Abstract Classes and Interfaces</long-name>
            <class>com.jeantessier.metrics.SumMeasurement</class>
            <init>
                AC
            </init>
        </measurement>
        <measurement>
            <short-name>A</short-name>
            <long-name>Abstractness</long-name>
            <class>com.jeantessier.metrics.RatioMeasurement</class>
            <init>
                Na
                Nc
            </init>
        </measurement>
        <measurement>
            <short-name>D'</short-name>
            <long-name>Normalized Distance</long-name>
            <class>com.jeantessier.metrics.SumMeasurement</class>
            <init>
                A
                I
                -1
            </init>
            <lower-threshold>-0.25</lower-threshold>
            <upper-threshold>0.25</upper-threshold>
        </measurement>
    </group-measurements>
    <class-measurements>
        <measurement visible="no">
            <short-name>IEP</short-name>
            <long-name>Inbound Extra-Package Dependencies</long-name>
            <class>com.jeantessier.metrics.NameListMeasurement</class>
            <upper-threshold>10</upper-threshold>
        </measurement>
        <measurement visible="no">
            <short-name>OEP</short-name>
            <long-name>Outbound Extra-Package Dependencies</long-name>
            <class>com.jeantessier.metrics.NameListMeasurement</class>
            <upper-threshold>10</upper-threshold>
        </measurement>
        <measurement visible="no">
            <short-name>IEPM</short-name>
            <long-name>Inbound Extra-Package Method Dependencies</long-name>
            <class>com.jeantessier.metrics.NameListMeasurement</class>
            <upper-threshold>10</upper-threshold>
        </measurement>
        <measurement visible="no">
            <short-name>CaComp</short-name>
            <long-name>Afferent Coupling from methods</long-name>
            <class>com.jeantessier.metrics.SubMetricsAccumulatorMeasurement</class>
            <init>
                IEPM /^(.*)\.[^\.]*\(.*\)$/
                IEPM /^(.*)\.[\^.]*$/
            </init>
        </measurement>
        <measurement visible="no">
            <short-name>CeComp</short-name>
            <long-name>Efferent Coupling from methods</long-name>
            <class>com.jeantessier.metrics.SubMetricsAccumulatorMeasurement</class>
            <init>
                OEPF /^(.*)\.[^\.]*\(.*\)$/
                OEPC
            </init>
        </measurement>
    </class-measurements>
    <method-measurements>
        <measurement visible="no">
            <short-name>IEPM</short-name>
            <long-name>Inbound Extra-Package Method Dependencies</long-name>
            <class>com.jeantessier.metrics.NameListMeasurement</class>
            <upper-threshold>10</upper-threshold>
        </measurement>
        <measurement visible="no">
            <short-name>OEPF</short-name>
            <long-name>Outbound Extra-Package Feature Dependencies</long-name>
            <class>com.jeantessier.metrics.NameListMeasurement</class>
            <upper-threshold>10</upper-threshold>
        </measurement>
        <measurement visible="no">
            <short-name>OEPC</short-name>
            <long-name>Outbound Extra-Package Class Dependencies</long-name>
            <class>com.jeantessier.metrics.NameListMeasurement</class>
            <upper-threshold>10</upper-threshold>
        </measurement>
    </method-measurements>
</metrics-configuration>
